,EEG_epochs,ANX
0,15.598823587756485,0.3571
1,19.574357051302126,0.7142
2,19.880167317728713,1.0713
3,20.49178785058189,1.4284
4,22.632459715568004,1.7855
5,23.123123264259775,2.1426
6,24.00860591448765,2.4997
7,25.843467513047177,2.8568
8,27.52542397839341,3.2139
9,28.442854777673173,3.571
